{
  "model_name": "unsloth/Qwen2.5-7B-Instruct",
  "model_type": "base",
  "test_set_size": 7600,
  "successful_predictions": 7600,
  "failed_predictions": 0,
  "total_time_seconds": 190.3004653453827,
  "throughput_per_second": 39.93684401247525,
  "avg_latency_ms": 1560.848436623729,
  "metrics": {
    "accuracy": 0.7876315789473685,
    "precision_macro": 0.8197732675107907,
    "precision_weighted": 0.8197732675107907,
    "recall_macro": 0.7876315789473683,
    "recall_weighted": 0.7876315789473685,
    "f1_macro": 0.779651491458816,
    "f1_weighted": 0.779651491458816
  },
  "per_class_f1": {
    "World": 0.8312124849939976,
    "Sports": 0.9367429340511441,
    "Business": 0.7300089847259659,
    "Sci/Tech": 0.6206415620641562
  },
  "confusion_matrix": [
    [
      1731,
      55,
      88,
      26
    ],
    [
      118,
      1740,
      40,
      2
    ],
    [
      219,
      6,
      1625,
      50
    ],
    [
      197,
      14,
      799,
      890
    ]
  ]
}