{
  "model_name": "Qwen/Qwen2.5-7B-Instruct",
  "model_type": "base",
  "test_set_size": 7600,
  "successful_predictions": 7600,
  "failed_predictions": 0,
  "total_time_seconds": 185.89770197868347,
  "throughput_per_second": 40.88270010390703,
  "avg_latency_ms": 1555.0824277935928,
  "metrics": {
    "accuracy": 0.7863157894736842,
    "precision_macro": 0.8184324348911818,
    "precision_weighted": 0.8184324348911818,
    "recall_macro": 0.7863157894736842,
    "recall_weighted": 0.7863157894736842,
    "f1_macro": 0.7779936799243927,
    "f1_weighted": 0.7779936799243928
  },
  "per_class_f1": {
    "World": 0.8299352362676901,
    "Sports": 0.9362045760430686,
    "Business": 0.7299663299663299,
    "Sci/Tech": 0.6158685774204824
  },
  "confusion_matrix": [
    [
      1730,
      56,
      86,
      28
    ],
    [
      119,
      1739,
      40,
      2
    ],
    [
      219,
      5,
      1626,
      50
    ],
    [
      201,
      15,
      803,
      881
    ]
  ]
}