{
  "model": "qwen7b-ag-news-full (full fine-tuning)",
  "base_model": "Qwen/Qwen2.5-7B-Instruct",
  "test_set_size": 7600,
  "successful_classifications": 7600,
  "failed_classifications": 0,
  "total_time_seconds": 153.24390602111816,
  "throughput_articles_per_second": 49.594141766085386,
  "avg_latency_ms": 1280.9017901137274,
  "metrics": {
    "accuracy": 0.8832894736842105,
    "precision_macro": 0.8939661811871361,
    "precision_weighted": 0.893966181187136,
    "recall_macro": 0.8832894736842106,
    "recall_weighted": 0.8832894736842105,
    "f1_macro": 0.8838011686570306,
    "f1_weighted": 0.8838011686570306
  },
  "per_class_f1": {
    "World": 0.860990860990861,
    "Sports": 0.8990825688073395,
    "Business": 0.874754833286635,
    "Sci/Tech": 0.9003764115432873
  },
  "confusion_matrix": [
    [
      1790,
      17,
      45,
      48
    ],
    [
      313,
      1568,
      13,
      6
    ],
    [
      99,
      3,
      1561,
      237
    ],
    [
      56,
      0,
      50,
      1794
    ]
  ],
  "comparison_with_base": {
    "accuracy_improvement_pp": 9.698947368421052,
    "f1_macro_improvement_pp": 10.58011686570306
  }
}